ndexNr,pokemon,1,2,3,4,5,6,7,8,9
1,https://pokemonkg.org/instance/pokemon/bulbasaur,https://pokemonkg.org/instance/pokemon/squirtle,https://pokemonkg.org/instance/pokemon/charmander,https://pokemonkg.org/instance/pokemon/ivysaur,https://pokemonkg.org/instance/pokemon/venusaur,https://pokemonkg.org/instance/pokemon/pikachu,https://pokemonkg.org/instance/pokemon/charizard,https://pokemonkg.org/instance/pokemon/snorlax,https://pokemonkg.org/instance/pokemon/jigglypuff,https://pokemonkg.org/instance/pokemon/blastoise
2,https://pokemonkg.org/instance/pokemon/ivysaur,https://pokemonkg.org/instance/pokemon/bulbasaur,https://pokemonkg.org/instance/pokemon/venusaur,https://pokemonkg.org/instance/pokemon/wartortle,https://pokemonkg.org/instance/pokemon/squirtle,https://pokemonkg.org/instance/pokemon/charmander,https://pokemonkg.org/instance/pokemon/charmeleon,https://pokemonkg.org/instance/pokemon/charizard,https://pokemonkg.org/instance/pokemon/blastoise,https://pokemonkg.org/instance/pokemon/pikachu
3,https://pokemonkg.org/instance/pokemon/venusaur,https://pokemonkg.org/instance/pokemon/ivysaur,https://pokemonkg.org/instance/pokemon/blastoise,https://pokemonkg.org/instance/pokemon/charizard,https://pokemonkg.org/instance/pokemon/bulbasaur,https://pokemonkg.org/instance/pokemon/charmander,https://pokemonkg.org/instance/pokemon/gyarados,https://pokemonkg.org/instance/pokemon/squirtle,https://pokemonkg.org/instance/pokemon/mewtwo,https://pokemonkg.org/instance/pokemon/pikachu
4,https://pokemonkg.org/instance/pokemon/charmander,https://pokemonkg.org/instance/pokemon/squirtle,https://pokemonkg.org/instance/pokemon/charmeleon,https://pokemonkg.org/instance/pokemon/charizard,https://pokemonkg.org/instance/pokemon/bulbasaur,https://pokemonkg.org/instance/pokemon/pikachu,https://pokemonkg.org/instance/pokemon/eevee,https://pokemonkg.org/instance/pokemon/jigglypuff,https://pokemonkg.org/instance/pokemon/snorlax,https://pokemonkg.org/instance/pokemon/mewtwo
5,https://pokemonkg.org/instance/pokemon/charmeleon,https://pokemonkg.org/instance/pokemon/charmander,https://pokemonkg.org/instance/pokemon/charizard,https://pokemonkg.org/instance/pokemon/squirtle,https://pokemonkg.org/instance/pokemon/bulbasaur,https://pokemonkg.org/instance/pokemon/ivysaur,https://pokemonkg.org/instance/pokemon/pikachu,https://pokemonkg.org/instance/pokemon/venusaur,https://pokemonkg.org/instance/pokemon/blastoise,https://pokemonkg.org/instance/pokemon/raichu
6,https://pokemonkg.org/instance/pokemon/charizard,https://pokemonkg.org/instance/pokemon/charmander,https://pokemonkg.org/instance/pokemon/charmeleon,https://pokemonkg.org/instance/pokemon/blastoise,https://pokemonkg.org/instance/pokemon/pikachu,https://pokemonkg.org/instance/pokemon/mewtwo,https://pokemonkg.org/instance/pokemon/venusaur,https://pokemonkg.org/instance/pokemon/dragonite,https://pokemonkg.org/instance/pokemon/gyarados,https://pokemonkg.org/instance/pokemon/squirtle
7,https://pokemonkg.org/instance/pokemon/squirtle,https://pokemonkg.org/instance/pokemon/bulbasaur,https://pokemonkg.org/instance/pokemon/charmander,https://pokemonkg.org/instance/pokemon/wartortle,https://pokemonkg.org/instance/pokemon/pikachu,https://pokemonkg.org/instance/pokemon/blastoise,https://pokemonkg.org/instance/pokemon/charizard,https://pokemonkg.org/instance/pokemon/jigglypuff,https://pokemonkg.org/instance/pokemon/snorlax,https://pokemonkg.org/instance/pokemon/eevee
8,https://pokemonkg.org/instance/pokemon/wartortle,https://pokemonkg.org/instance/pokemon/blastoise,https://pokemonkg.org/instance/pokemon/squirtle,https://pokemonkg.org/instance/pokemon/ivysaur,https://pokemonkg.org/instance/pokemon/bulbasaur,https://pokemonkg.org/instance/pokemon/venusaur,https://pokemonkg.org/instance/pokemon/charmander,https://pokemonkg.org/instance/pokemon/charizard,https://pokemonkg.org/instance/pokemon/raichu,https://pokemonkg.org/instance/pokemon/pikachu
9,https://pokemonkg.org/instance/pokemon/blastoise,https://pokemonkg.org/instance/pokemon/charizard,https://pokemonkg.org/instance/pokemon/venusaur,https://pokemonkg.org/instance/pokemon/wartortle,https://pokemonkg.org/instance/pokemon/squirtle,https://pokemonkg.org/instance/pokemon/bulbasaur,https://pokemonkg.org/instance/pokemon/charmander,https://pokemonkg.org/instance/pokemon/gyarados,https://pokemonkg.org/instance/pokemon/snorlax,https://pokemonkg.org/instance/pokemon/pikachu
10,https://pokemonkg.org/instance/pokemon/caterpie,https://pokemonkg.org/instance/pokemon/metapod,https://pokemonkg.org/instance/pokemon/butterfree,https://pokemonkg.org/instance/pokemon/weedle,https://pokemonkg.org/instance/pokemon/pikachu,https://pokemonkg.org/instance/pokemon/bulbasaur,https://pokemonkg.org/instance/pokemon/charmander,https://pokemonkg.org/instance/pokemon/pidgey,https://pokemonkg.org/instance/pokemon/squirtle,https://pokemonkg.org/instance/pokemon/kakuna
11,https://pokemonkg.org/instance/pokemon/metapod,https://pokemonkg.org/instance/pokemon/caterpie,https://pokemonkg.org/instance/pokemon/butterfree,https://pokemonkg.org/instance/pokemon/kakuna,https://pokemonkg.org/instance/pokemon/weedle,https://pokemonkg.org/instance/pokemon/venomoth,https://pokemonkg.org/instance/pokemon/magikarp,https://pokemonkg.org/instance/pokemon/pidgey,https://pokemonkg.org/instance/pokemon/charmander,https://pokemonkg.org/instance/pokemon/rattata
12,https://pokemonkg.org/instance/pokemon/butterfree,https://pokemonkg.org/instance/pokemon/metapod,https://pokemonkg.org/instance/pokemon/caterpie,https://pokemonkg.org/instance/pokemon/venomoth,https://pokemonkg.org/instance/pokemon/venonat,https://pokemonkg.org/instance/pokemon/beedrill,https://pokemonkg.org/instance/pokemon/pikachu,https://pokemonkg.org/instance/pokemon/charizard,https://pokemonkg.org/instance/pokemon/meowth,https://pokemonkg.org/instance/pokemon/bulbasaur
13,https://pokemonkg.org/instance/pokemon/weedle,https://pokemonkg.org/instance/pokemon/kakuna,https://pokemonkg.org/instance/pokemon/caterpie,https://pokemonkg.org/instance/pokemon/beedrill,https://pokemonkg.org/instance/pokemon/metapod,https://pokemonkg.org/instance/pokemon/pidgey,https://pokemonkg.org/instance/pokemon/butterfree,https://pokemonkg.org/instance/pokemon/pikachu,https://pokemonkg.org/instance/pokemon/venomoth,https://pokemonkg.org/instance/pokemon/rattata
14,https://pokemonkg.org/instance/pokemon/kakuna,https://pokemonkg.org/instance/pokemon/beedrill,https://pokemonkg.org/instance/pokemon/weedle,https://pokemonkg.org/instance/pokemon/metapod,https://pokemonkg.org/instance/pokemon/caterpie,https://pokemonkg.org/instance/pokemon/butterfree,https://pokemonkg.org/instance/pokemon/pidgey,https://pokemonkg.org/instance/pokemon/bulbasaur,https://pokemonkg.org/instance/pokemon/pikachu,https://pokemonkg.org/instance/pokemon/ivysaur
15,https://pokemonkg.org/instance/pokemon/beedrill,https://pokemonkg.org/instance/pokemon/kakuna,https://pokemonkg.org/instance/pokemon/butterfree,https://pokemonkg.org/instance/pokemon/weedle,https://pokemonkg.org/instance/pokemon/muk,https://pokemonkg.org/instance/pokemon/haunter,https://pokemonkg.org/instance/pokemon/sandslash,https://pokemonkg.org/instance/pokemon/caterpie,https://pokemonkg.org/instance/pokemon/venusaur,https://pokemonkg.org/instance/pokemon/charizard
16,https://pokemonkg.org/instance/pokemon/pidgey,https://pokemonkg.org/instance/pokemon/pidgeotto,https://pokemonkg.org/instance/pokemon/spearow,https://pokemonkg.org/instance/pokemon/rattata,https://pokemonkg.org/instance/pokemon/pidgeot,https://pokemonkg.org/instance/pokemon/caterpie,https://pokemonkg.org/instance/pokemon/pikachu,https://pokemonkg.org/instance/pokemon/charmander,https://pokemonkg.org/instance/pokemon/bulbasaur,https://pokemonkg.org/instance/pokemon/oddish
17,https://pokemonkg.org/instance/pokemon/pidgeotto,https://pokemonkg.org/instance/pokemon/pidgeot,https://pokemonkg.org/instance/pokemon/pidgey,https://pokemonkg.org/instance/pokemon/pikachu,https://pokemonkg.org/instance/pokemon/rattata,https://pokemonkg.org/instance/pokemon/charmeleon,https://pokemonkg.org/instance/pokemon/spearow,https://pokemonkg.org/instance/pokemon/bulbasaur,https://pokemonkg.org/instance/pokemon/charizard,https://pokemonkg.org/instance/pokemon/butterfree
18,https://pokemonkg.org/instance/pokemon/pidgeot,https://pokemonkg.org/instance/pokemon/pidgeotto,https://pokemonkg.org/instance/pokemon/pidgey,https://pokemonkg.org/instance/pokemon/dragonite,https://pokemonkg.org/instance/pokemon/vileplume,https://pokemonkg.org/instance/pokemon/charizard,https://pokemonkg.org/instance/pokemon/fearow,https://pokemonkg.org/instance/pokemon/marowak,https://pokemonkg.org/instance/pokemon/rhydon,https://pokemonkg.org/instance/pokemon/gyarados
19,https://pokemonkg.org/instance/pokemon/rattata,https://pokemonkg.org/instance/pokemon/raticate,https://pokemonkg.org/instance/pokemon/pidgey,https://pokemonkg.org/instance/pokemon/spearow,https://pokemonkg.org/instance/pokemon/ekans,https://pokemonkg.org/instance/pokemon/meowth,https://pokemonkg.org/instance/pokemon/pikachu,https://pokemonkg.org/instance/pokemon/caterpie,https://pokemonkg.org/instance/pokemon/zubat,https://pokemonkg.org/instance/pokemon/raichu
20,https://pokemonkg.org/instance/pokemon/raticate,https://pokemonkg.org/instance/pokemon/rattata,https://pokemonkg.org/instance/pokemon/sandshrew,https://pokemonkg.org/instance/pokemon/golbat,https://pokemonkg.org/instance/pokemon/koffing,https://pokemonkg.org/instance/pokemon/charizard,https://pokemonkg.org/instance/pokemon/muk,https://pokemonkg.org/instance/pokemon/pinsir,https://pokemonkg.org/instance/pokemon/tauros,https://pokemonkg.org/instance/pokemon/snorlax
21,https://pokemonkg.org/instance/pokemon/spearow,https://pokemonkg.org/instance/pokemon/fearow,https://pokemonkg.org/instance/pokemon/pidgey,https://pokemonkg.org/instance/pokemon/rattata,https://pokemonkg.org/instance/pokemon/ekans,https://pokemonkg.org/instance/pokemon/zubat,https://pokemonkg.org/instance/pokemon/raticate,https://pokemonkg.org/instance/pokemon/pidgeotto,https://pokemonkg.org/instance/pokemon/mankey,https://pokemonkg.org/instance/pokemon/nidoran-m
22,https://pokemonkg.org/instance/pokemon/fearow,https://pokemonkg.org/instance/pokemon/spearow,https://pokemonkg.org/instance/pokemon/dodrio,https://pokemonkg.org/instance/pokemon/pidgeot,https://pokemonkg.org/instance/pokemon/articuno,https://pokemonkg.org/instance/pokemon/pidgeotto,https://pokemonkg.org/instance/pokemon/butterfree,https://pokemonkg.org/instance/pokemon/farfetchd,https://pokemonkg.org/instance/pokemon/arbok,https://pokemonkg.org/instance/pokemon/tangela
23,https://pokemonkg.org/instance/pokemon/ekans,https://pokemonkg.org/instance/pokemon/arbok,https://pokemonkg.org/instance/pokemon/koffing,https://pokemonkg.org/instance/pokemon/rattata,https://pokemonkg.org/instance/pokemon/spearow,https://pokemonkg.org/instance/pokemon/zubat,https://pokemonkg.org/instance/pokemon/meowth,https://pokemonkg.org/instance/pokemon/grimer,https://pokemonkg.org/instance/pokemon/sandshrew,https://pokemonkg.org/instance/pokemon/oddish
24,https://pokemonkg.org/instance/pokemon/arbok,https://pokemonkg.org/instance/pokemon/ekans,https://pokemonkg.org/instance/pokemon/weezing,https://pokemonkg.org/instance/pokemon/koffing,https://pokemonkg.org/instance/pokemon/haunter,https://pokemonkg.org/instance/pokemon/pikachu,https://pokemonkg.org/instance/pokemon/muk,https://pokemonkg.org/instance/pokemon/golbat,https://pokemonkg.org/instance/pokemon/gyarados,https://pokemonkg.org/instance/pokemon/charizard
25,https://pokemonkg.org/instance/pokemon/pikachu,https://pokemonkg.org/instance/pokemon/raichu,https://pokemonkg.org/instance/pokemon/charizard,https://pokemonkg.org/instance/pokemon/eevee,https://pokemonkg.org/instance/pokemon/charmander,https://pokemonkg.org/instance/pokemon/squirtle,https://pokemonkg.org/instance/pokemon/bulbasaur,https://pokemonkg.org/instance/pokemon/mewtwo,https://pokemonkg.org/instance/pokemon/snorlax,https://pokemonkg.org/instance/pokemon/jigglypuff
26,https://pokemonkg.org/instance/pokemon/raichu,https://pokemonkg.org/instance/pokemon/pikachu,https://pokemonkg.org/instance/pokemon/charizard,https://pokemonkg.org/instance/pokemon/eevee,https://pokemonkg.org/instance/pokemon/mewtwo,https://pokemonkg.org/instance/pokemon/charmander,https://pokemonkg.org/instance/pokemon/gyarados,https://pokemonkg.org/instance/pokemon/blastoise,https://pokemonkg.org/instance/pokemon/jigglypuff,https://pokemonkg.org/instance/pokemon/snorlax
27,https://pokemonkg.org/instance/pokemon/sandshrew,https://pokemonkg.org/instance/pokemon/sandslash,https://pokemonkg.org/instance/pokemon/vulpix,https://pokemonkg.org/instance/pokemon/meowth,https://pokemonkg.org/instance/pokemon/geodude,https://pokemonkg.org/instance/pokemon/ekans,https://pokemonkg.org/instance/pokemon/rattata,https://pokemonkg.org/instance/pokemon/raticate,https://pokemonkg.org/instance/pokemon/cubone,https://pokemonkg.org/instance/pokemon/oddish
28,https://pokemonkg.org/instance/pokemon/sandslash,https://pokemonkg.org/instance/pokemon/sandshrew,https://pokemonkg.org/instance/pokemon/ninetales,https://pokemonkg.org/instance/pokemon/raichu,https://pokemonkg.org/instance/pokemon/dugtrio,https://pokemonkg.org/instance/pokemon/beedrill,https://pokemonkg.org/instance/pokemon/marowak,https://pokemonkg.org/instance/pokemon/vulpix,https://pokemonkg.org/instance/pokemon/nidoqueen,https://pokemonkg.org/instance/pokemon/graveler
29,https://pokemonkg.org/instance/pokemon/nidoran-f,https://pokemonkg.org/instance/pokemon/nidorina,https://pokemonkg.org/instance/pokemon/nidoran-m,https://pokemonkg.org/instance/pokemon/nidoqueen,https://pokemonkg.org/instance/pokemon/nidorino,https://pokemonkg.org/instance/pokemon/nidoking,https://pokemonkg.org/instance/pokemon/pidgey,https://pokemonkg.org/instance/pokemon/spearow,https://pokemonkg.org/instance/pokemon/rattata,https://pokemonkg.org/instance/pokemon/mankey
30,https://pokemonkg.org/instance/pokemon/nidorina,https://pokemonkg.org/instance/pokemon/nidoqueen,https://pokemonkg.org/instance/pokemon/nidoran-f,https://pokemonkg.org/instance/pokemon/nidorino,https://pokemonkg.org/instance/pokemon/nidoran-m,https://pokemonkg.org/instance/pokemon/nidoking,https://pokemonkg.org/instance/pokemon/jigglypuff,https://pokemonkg.org/instance/pokemon/vulpix,https://pokemonkg.org/instance/pokemon/beedrill,https://pokemonkg.org/instance/pokemon/muk
31,https://pokemonkg.org/instance/pokemon/nidoqueen,https://pokemonkg.org/instance/pokemon/nidoking,https://pokemonkg.org/instance/pokemon/nidorina,https://pokemonkg.org/instance/pokemon/nidoran-m,https://pokemonkg.org/instance/pokemon/rhyhorn,https://pokemonkg.org/instance/pokemon/rhydon,https://pokemonkg.org/instance/pokemon/kangaskhan,https://pokemonkg.org/instance/pokemon/nidoran-f,https://pokemonkg.org/instance/pokemon/mewtwo,https://pokemonkg.org/instance/pokemon/dugtrio
32,https://pokemonkg.org/instance/pokemon/nidoran-m,https://pokemonkg.org/instance/pokemon/nidorino,https://pokemonkg.org/instance/pokemon/nidoking,https://pokemonkg.org/instance/pokemon/nidoqueen,https://pokemonkg.org/instance/pokemon/nidoran-f,https://pokemonkg.org/instance/pokemon/jigglypuff,https://pokemonkg.org/instance/pokemon/rattata,https://pokemonkg.org/instance/pokemon/nidorina,https://pokemonkg.org/instance/pokemon/ekans,https://pokemonkg.org/instance/pokemon/spearow
33,https://pokemonkg.org/instance/pokemon/nidorino,https://pokemonkg.org/instance/pokemon/nidoking,https://pokemonkg.org/instance/pokemon/nidoran-m,https://pokemonkg.org/instance/pokemon/nidorina,https://pokemonkg.org/instance/pokemon/nidoqueen,https://pokemonkg.org/instance/pokemon/growlithe,https://pokemonkg.org/instance/pokemon/nidoran-f,https://pokemonkg.org/instance/pokemon/pikachu,https://pokemonkg.org/instance/pokemon/kangaskhan,https://pokemonkg.org/instance/pokemon/vulpix
34,https://pokemonkg.org/instance/pokemon/nidoking,https://pokemonkg.org/instance/pokemon/nidoqueen,https://pokemonkg.org/instance/pokemon/nidorino,https://pokemonkg.org/instance/pokemon/nidoran-m,https://pokemonkg.org/instance/pokemon/kangaskhan,https://pokemonkg.org/instance/pokemon/rhydon,https://pokemonkg.org/instance/pokemon/slowbro,https://pokemonkg.org/instance/pokemon/moltres,https://pokemonkg.org/instance/pokemon/mewtwo,https://pokemonkg.org/instance/pokemon/dugtrio
35,https://pokemonkg.org/instance/pokemon/clefairy,https://pokemonkg.org/instance/pokemon/clefable,https://pokemonkg.org/instance/pokemon/jigglypuff,https://pokemonkg.org/instance/pokemon/chansey,https://pokemonkg.org/instance/pokemon/vulpix,https://pokemonkg.org/instance/pokemon/pikachu,https://pokemonkg.org/instance/pokemon/snorlax,https://pokemonkg.org/instance/pokemon/meowth,https://pokemonkg.org/instance/pokemon/sandshrew,https://pokemonkg.org/instance/pokemon/zubat
36,https://pokemonkg.org/instance/pokemon/clefable,https://pokemonkg.org/instance/pokemon/clefairy,https://pokemonkg.org/instance/pokemon/jigglypuff,https://pokemonkg.org/instance/pokemon/kangaskhan,https://pokemonkg.org/instance/pokemon/chansey,https://pokemonkg.org/instance/pokemon/wigglytuff,https://pokemonkg.org/instance/pokemon/ninetales,https://pokemonkg.org/instance/pokemon/snorlax,https://pokemonkg.org/instance/pokemon/butterfree,https://pokemonkg.org/instance/pokemon/gengar
37,https://pokemonkg.org/instance/pokemon/vulpix,https://pokemonkg.org/instance/pokemon/ninetales,https://pokemonkg.org/instance/pokemon/eevee,https://pokemonkg.org/instance/pokemon/jigglypuff,https://pokemonkg.org/instance/pokemon/ponyta,https://pokemonkg.org/instance/pokemon/growlithe,https://pokemonkg.org/instance/pokemon/pikachu,https://pokemonkg.org/instance/pokemon/arcanine,https://pokemonkg.org/instance/pokemon/raichu,https://pokemonkg.org/instance/pokemon/charmander
38,https://pokemonkg.org/instance/pokemon/ninetales,https://pokemonkg.org/instance/pokemon/vulpix,https://pokemonkg.org/instance/pokemon/arcanine,https://pokemonkg.org/instance/pokemon/rapidash,https://pokemonkg.org/instance/pokemon/raichu,https://pokemonkg.org/instance/pokemon/eevee,https://pokemonkg.org/instance/pokemon/jigglypuff,https://pokemonkg.org/instance/pokemon/charizard,https://pokemonkg.org/instance/pokemon/sandslash,https://pokemonkg.org/instance/pokemon/growlithe
39,https://pokemonkg.org/instance/pokemon/jigglypuff,https://pokemonkg.org/instance/pokemon/wigglytuff,https://pokemonkg.org/instance/pokemon/snorlax,https://pokemonkg.org/instance/pokemon/squirtle,https://pokemonkg.org/instance/pokemon/pikachu,https://pokemonkg.org/instance/pokemon/charmander,https://pokemonkg.org/instance/pokemon/eevee,https://pokemonkg.org/instance/pokemon/bulbasaur,https://pokemonkg.org/instance/pokemon/psyduck,https://pokemonkg.org/instance/pokemon/charizard
40,https://pokemonkg.org/instance/pokemon/wigglytuff,https://pokemonkg.org/instance/pokemon/jigglypuff,https://pokemonkg.org/instance/pokemon/snorlax,https://pokemonkg.org/instance/pokemon/clefable,https://pokemonkg.org/instance/pokemon/ninetales,https://pokemonkg.org/instance/pokemon/raichu,https://pokemonkg.org/instance/pokemon/clefairy,https://pokemonkg.org/instance/pokemon/hitmonchan,https://pokemonkg.org/instance/pokemon/venusaur,https://pokemonkg.org/instance/pokemon/pikachu
41,https://pokemonkg.org/instance/pokemon/zubat,https://pokemonkg.org/instance/pokemon/golbat,https://pokemonkg.org/instance/pokemon/geodude,https://pokemonkg.org/instance/pokemon/rattata,https://pokemonkg.org/instance/pokemon/oddish,https://pokemonkg.org/instance/pokemon/ekans,https://pokemonkg.org/instance/pokemon/magikarp,https://pokemonkg.org/instance/pokemon/psyduck,https://pokemonkg.org/instance/pokemon/spearow,https://pokemonkg.org/instance/pokemon/jigglypuff
42,https://pokemonkg.org/instance/pokemon/golbat,https://pokemonkg.org/instance/pokemon/zubat,https://pokemonkg.org/instance/pokemon/venomoth,https://pokemonkg.org/instance/pokemon/gyarados,https://pokemonkg.org/instance/pokemon/gengar,https://pokemonkg.org/instance/pokemon/dragonite,https://pokemonkg.org/instance/pokemon/haunter,https://pokemonkg.org/instance/pokemon/muk,https://pokemonkg.org/instance/pokemon/arbok,https://pokemonkg.org/instance/pokemon/koffing
43,https://pokemonkg.org/instance/pokemon/oddish,https://pokemonkg.org/instance/pokemon/gloom,https://pokemonkg.org/instance/pokemon/bellsprout,https://pokemonkg.org/instance/pokemon/bulbasaur,https://pokemonkg.org/instance/pokemon/eevee,https://pokemonkg.org/instance/pokemon/zubat,https://pokemonkg.org/instance/pokemon/vileplume,https://pokemonkg.org/instance/pokemon/pikachu,https://pokemonkg.org/instance/pokemon/pidgey,https://pokemonkg.org/instance/pokemon/ivysaur
44,https://pokemonkg.org/instance/pokemon/gloom,https://pokemonkg.org/instance/pokemon/vileplume,https://pokemonkg.org/instance/pokemon/oddish,https://pokemonkg.org/instance/pokemon/venusaur,https://pokemonkg.org/instance/pokemon/weepinbell,https://pokemonkg.org/instance/pokemon/bellsprout,https://pokemonkg.org/instance/pokemon/bulbasaur,https://pokemonkg.org/instance/pokemon/victreebel,https://pokemonkg.org/instance/pokemon/growlithe,https://pokemonkg.org/instance/pokemon/ivysaur
45,https://pokemonkg.org/instance/pokemon/vileplume,https://pokemonkg.org/instance/pokemon/gloom,https://pokemonkg.org/instance/pokemon/marowak,https://pokemonkg.org/instance/pokemon/gengar,https://pokemonkg.org/instance/pokemon/oddish,https://pokemonkg.org/instance/pokemon/pidgeot,https://pokemonkg.org/instance/pokemon/victreebel,https://pokemonkg.org/instance/pokemon/raichu,https://pokemonkg.org/instance/pokemon/rapidash,https://pokemonkg.org/instance/pokemon/slowbro
46,https://pokemonkg.org/instance/pokemon/paras,https://pokemonkg.org/instance/pokemon/parasect,https://pokemonkg.org/instance/pokemon/oddish,https://pokemonkg.org/instance/pokemon/zubat,https://pokemonkg.org/instance/pokemon/venonat,https://pokemonkg.org/instance/pokemon/bellsprout,https://pokemonkg.org/instance/pokemon/geodude,https://pokemonkg.org/instance/pokemon/jigglypuff,https://pokemonkg.org/instance/pokemon/butterfree,https://pokemonkg.org/instance/pokemon/ekans
47,https://pokemonkg.org/instance/pokemon/parasect,https://pokemonkg.org/instance/pokemon/paras,https://pokemonkg.org/instance/pokemon/venomoth,https://pokemonkg.org/instance/pokemon/venonat,https://pokemonkg.org/instance/pokemon/metapod,https://pokemonkg.org/instance/pokemon/victreebel,https://pokemonkg.org/instance/pokemon/exeggutor,https://pokemonkg.org/instance/pokemon/golduck,https://pokemonkg.org/instance/pokemon/omastar,https://pokemonkg.org/instance/pokemon/shellder
48,https://pokemonkg.org/instance/pokemon/venonat,https://pokemonkg.org/instance/pokemon/venomoth,https://pokemonkg.org/instance/pokemon/butterfree,https://pokemonkg.org/instance/pokemon/vileplume,https://pokemonkg.org/instance/pokemon/golbat,https://pokemonkg.org/instance/pokemon/caterpie,https://pokemonkg.org/instance/pokemon/tangela,https://pokemonkg.org/instance/pokemon/paras,https://pokemonkg.org/instance/pokemon/oddish,https://pokemonkg.org/instance/pokemon/metapod
49,https://pokemonkg.org/instance/pokemon/venomoth,https://pokemonkg.org/instance/pokemon/venonat,https://pokemonkg.org/instance/pokemon/butterfree,https://pokemonkg.org/instance/pokemon/muk,https://pokemonkg.org/instance/pokemon/golbat,https://pokemonkg.org/instance/pokemon/metapod,https://pokemonkg.org/instance/pokemon/caterpie,https://pokemonkg.org/instance/pokemon/venusaur,https://pokemonkg.org/instance/pokemon/arbok,https://pokemonkg.org/instance/pokemon/parasect
50,https://pokemonkg.org/instance/pokemon/diglett,https://pokemonkg.org/instance/pokemon/dugtrio,https://pokemonkg.org/instance/pokemon/pikachu,https://pokemonkg.org/instance/pokemon/meowth,https://pokemonkg.org/instance/pokemon/geodude,https://pokemonkg.org/instance/pokemon/machop,https://pokemonkg.org/instance/pokemon/eevee,https://pokemonkg.org/instance/pokemon/drowzee,https://pokemonkg.org/instance/pokemon/jigglypuff,https://pokemonkg.org/instance/pokemon/vulpix
51,https://pokemonkg.org/instance/pokemon/dugtrio,https://pokemonkg.org/instance/pokemon/diglett,https://pokemonkg.org/instance/pokemon/nidoking,https://pokemonkg.org/instance/pokemon/dodrio,https://pokemonkg.org/instance/pokemon/nidoqueen,https://pokemonkg.org/instance/pokemon/sandslash,https://pokemonkg.org/instance/pokemon/exeggutor,https://pokemonkg.org/instance/pokemon/rhydon,https://pokemonkg.org/instance/pokemon/voltorb,https://pokemonkg.org/instance/pokemon/rhyhorn
53,https://pokemonkg.org/instance/pokemon/persian,https://pokemonkg.org/instance/pokemon/meowth,https://pokemonkg.org/instance/pokemon/machamp,https://pokemonkg.org/instance/pokemon/kangaskhan,https://pokemonkg.org/instance/pokemon/cloyster,https://pokemonkg.org/instance/pokemon/nidoking,https://pokemonkg.org/instance/pokemon/golem,https://pokemonkg.org/instance/pokemon/moltres,https://pokemonkg.org/instance/pokemon/dugtrio,https://pokemonkg.org/instance/pokemon/rhyhorn
54,https://pokemonkg.org/instance/pokemon/psyduck,https://pokemonkg.org/instance/pokemon/golduck,https://pokemonkg.org/instance/pokemon/snorlax,https://pokemonkg.org/instance/pokemon/jigglypuff,https://pokemonkg.org/instance/pokemon/slowpoke,https://pokemonkg.org/instance/pokemon/magikarp,https://pokemonkg.org/instance/pokemon/pikachu,https://pokemonkg.org/instance/pokemon/squirtle,https://pokemonkg.org/instance/pokemon/bulbasaur,https://pokemonkg.org/instance/pokemon/gyarados
55,https://pokemonkg.org/instance/pokemon/golduck,https://pokemonkg.org/instance/pokemon/psyduck,https://pokemonkg.org/instance/pokemon/gyarados,https://pokemonkg.org/instance/pokemon/tentacruel,https://pokemonkg.org/instance/pokemon/slowpoke,https://pokemonkg.org/instance/pokemon/raichu,https://pokemonkg.org/instance/pokemon/poliwrath,https://pokemonkg.org/instance/pokemon/snorlax,https://pokemonkg.org/instance/pokemon/starmie,https://pokemonkg.org/instance/pokemon/slowbro
56,https://pokemonkg.org/instance/pokemon/mankey,https://pokemonkg.org/instance/pokemon/primeape,https://pokemonkg.org/instance/pokemon/growlithe,https://pokemonkg.org/instance/pokemon/geodude,https://pokemonkg.org/instance/pokemon/pidgey,https://pokemonkg.org/instance/pokemon/spearow,https://pokemonkg.org/instance/pokemon/tauros,https://pokemonkg.org/instance/pokemon/rattata,https://pokemonkg.org/instance/pokemon/oddish,https://pokemonkg.org/instance/pokemon/psyduck
57,https://pokemonkg.org/instance/pokemon/primeape,https://pokemonkg.org/instance/pokemon/mankey,https://pokemonkg.org/instance/pokemon/poliwrath,https://pokemonkg.org/instance/pokemon/arcanine,https://pokemonkg.org/instance/pokemon/growlithe,https://pokemonkg.org/instance/pokemon/gyarados,https://pokemonkg.org/instance/pokemon/machoke,https://pokemonkg.org/instance/pokemon/tauros,https://pokemonkg.org/instance/pokemon/machamp,https://pokemonkg.org/instance/pokemon/poliwhirl
58,https://pokemonkg.org/instance/pokemon/growlithe,https://pokemonkg.org/instance/pokemon/arcanine,https://pokemonkg.org/instance/pokemon/vulpix,https://pokemonkg.org/instance/pokemon/eevee,https://pokemonkg.org/instance/pokemon/ponyta,https://pokemonkg.org/instance/pokemon/pikachu,https://pokemonkg.org/instance/pokemon/charmander,https://pokemonkg.org/instance/pokemon/meowth,https://pokemonkg.org/instance/pokemon/ninetales,https://pokemonkg.org/instance/pokemon/flareon
59,https://pokemonkg.org/instance/pokemon/arcanine,https://pokemonkg.org/instance/pokemon/growlithe,https://pokemonkg.org/instance/pokemon/ninetales,https://pokemonkg.org/instance/pokemon/charizard,https://pokemonkg.org/instance/pokemon/flareon,https://pokemonkg.org/instance/pokemon/rapidash,https://pokemonkg.org/instance/pokemon/gyarados,https://pokemonkg.org/instance/pokemon/vulpix,https://pokemonkg.org/instance/pokemon/slowbro,https://pokemonkg.org/instance/pokemon/alakazam
60,https://pokemonkg.org/instance/pokemon/poliwag,https://pokemonkg.org/instance/pokemon/poliwhirl,https://pokemonkg.org/instance/pokemon/poliwrath,https://pokemonkg.org/instance/pokemon/psyduck,https://pokemonkg.org/instance/pokemon/growlithe,https://pokemonkg.org/instance/pokemon/oddish,https://pokemonkg.org/instance/pokemon/slowpoke,https://pokemonkg.org/instance/pokemon/goldeen,https://pokemonkg.org/instance/pokemon/charmander,https://pokemonkg.org/instance/pokemon/squirtle
61,https://pokemonkg.org/instance/pokemon/poliwhirl,https://pokemonkg.org/instance/pokemon/poliwrath,https://pokemonkg.org/instance/pokemon/poliwag,https://pokemonkg.org/instance/pokemon/jynx,https://pokemonkg.org/instance/pokemon/psyduck,https://pokemonkg.org/instance/pokemon/snorlax,https://pokemonkg.org/instance/pokemon/slowpoke,https://pokemonkg.org/instance/pokemon/jigglypuff,https://pokemonkg.org/instance/pokemon/squirtle,https://pokemonkg.org/instance/pokemon/gyarados
62,https://pokemonkg.org/instance/pokemon/poliwrath,https://pokemonkg.org/instance/pokemon/poliwhirl,https://pokemonkg.org/instance/pokemon/snorlax,https://pokemonkg.org/instance/pokemon/poliwag,https://pokemonkg.org/instance/pokemon/gyarados,https://pokemonkg.org/instance/pokemon/dragonite,https://pokemonkg.org/instance/pokemon/machamp,https://pokemonkg.org/instance/pokemon/hitmonlee,https://pokemonkg.org/instance/pokemon/hitmonchan,https://pokemonkg.org/instance/pokemon/golduck
63,https://pokemonkg.org/instance/pokemon/abra,https://pokemonkg.org/instance/pokemon/kadabra,https://pokemonkg.org/instance/pokemon/slowpoke,https://pokemonkg.org/instance/pokemon/machop,https://pokemonkg.org/instance/pokemon/geodude,https://pokemonkg.org/instance/pokemon/alakazam,https://pokemonkg.org/instance/pokemon/magikarp,https://pokemonkg.org/instance/pokemon/pikachu,https://pokemonkg.org/instance/pokemon/squirtle,https://pokemonkg.org/instance/pokemon/bulbasaur
64,https://pokemonkg.org/instance/pokemon/kadabra,https://pokemonkg.org/instance/pokemon/alakazam,https://pokemonkg.org/instance/pokemon/abra,https://pokemonkg.org/instance/pokemon/haunter,https://pokemonkg.org/instance/pokemon/mr-mime,https://pokemonkg.org/instance/pokemon/machoke,https://pokemonkg.org/instance/pokemon/gyarados,https://pokemonkg.org/instance/pokemon/slowbro,https://pokemonkg.org/instance/pokemon/golbat,https://pokemonkg.org/instance/pokemon/jynx
65,https://pokemonkg.org/instance/pokemon/alakazam,https://pokemonkg.org/instance/pokemon/kadabra,https://pokemonkg.org/instance/pokemon/gyarados,https://pokemonkg.org/instance/pokemon/mr-mime,https://pokemonkg.org/instance/pokemon/charizard,https://pokemonkg.org/instance/pokemon/jynx,https://pokemonkg.org/instance/pokemon/mewtwo,https://pokemonkg.org/instance/pokemon/snorlax,https://pokemonkg.org/instance/pokemon/gengar,https://pokemonkg.org/instance/pokemon/slowbro
66,https://pokemonkg.org/instance/pokemon/machop,https://pokemonkg.org/instance/pokemon/machoke,https://pokemonkg.org/instance/pokemon/machamp,https://pokemonkg.org/instance/pokemon/geodude,https://pokemonkg.org/instance/pokemon/gastly,https://pokemonkg.org/instance/pokemon/zubat,https://pokemonkg.org/instance/pokemon/rhyhorn,https://pokemonkg.org/instance/pokemon/pikachu,https://pokemonkg.org/instance/pokemon/vulpix,https://pokemonkg.org/instance/pokemon/charmander
67,https://pokemonkg.org/instance/pokemon/machoke,https://pokemonkg.org/instance/pokemon/machamp,https://pokemonkg.org/instance/pokemon/machop,https://pokemonkg.org/instance/pokemon/kadabra,https://pokemonkg.org/instance/pokemon/geodude,https://pokemonkg.org/instance/pokemon/graveler,https://pokemonkg.org/instance/pokemon/snorlax,https://pokemonkg.org/instance/pokemon/golem,https://pokemonkg.org/instance/pokemon/mr-mime,https://pokemonkg.org/instance/pokemon/haunter
68,https://pokemonkg.org/instance/pokemon/machamp,https://pokemonkg.org/instance/pokemon/machoke,https://pokemonkg.org/instance/pokemon/machop,https://pokemonkg.org/instance/pokemon/dragonite,https://pokemonkg.org/instance/pokemon/hitmonlee,https://pokemonkg.org/instance/pokemon/hitmonchan,https://pokemonkg.org/instance/pokemon/gyarados,https://pokemonkg.org/instance/pokemon/snorlax,https://pokemonkg.org/instance/pokemon/mewtwo,https://pokemonkg.org/instance/pokemon/golem
69,https://pokemonkg.org/instance/pokemon/bellsprout,https://pokemonkg.org/instance/pokemon/weepinbell,https://pokemonkg.org/instance/pokemon/oddish,https://pokemonkg.org/instance/pokemon/victreebel,https://pokemonkg.org/instance/pokemon/geodude,https://pokemonkg.org/instance/pokemon/bulbasaur,https://pokemonkg.org/instance/pokemon/pidgey,https://pokemonkg.org/instance/pokemon/zubat,https://pokemonkg.org/instance/pokemon/rattata,https://pokemonkg.org/instance/pokemon/gloom
70,https://pokemonkg.org/instance/pokemon/weepinbell,https://pokemonkg.org/instance/pokemon/victreebel,https://pokemonkg.org/instance/pokemon/bellsprout,https://pokemonkg.org/instance/pokemon/jynx,https://pokemonkg.org/instance/pokemon/oddish,https://pokemonkg.org/instance/pokemon/gloom,https://pokemonkg.org/instance/pokemon/tangela,https://pokemonkg.org/instance/pokemon/snorlax,https://pokemonkg.org/instance/pokemon/vulpix,https://pokemonkg.org/instance/pokemon/bulbasaur
71,https://pokemonkg.org/instance/pokemon/victreebel,https://pokemonkg.org/instance/pokemon/weepinbell,https://pokemonkg.org/instance/pokemon/bellsprout,https://pokemonkg.org/instance/pokemon/vileplume,https://pokemonkg.org/instance/pokemon/venusaur,https://pokemonkg.org/instance/pokemon/oddish,https://pokemonkg.org/instance/pokemon/exeggutor,https://pokemonkg.org/instance/pokemon/gloom,https://pokemonkg.org/instance/pokemon/nidoking,https://pokemonkg.org/instance/pokemon/kangaskhan
72,https://pokemonkg.org/instance/pokemon/tentacool,https://pokemonkg.org/instance/pokemon/tentacruel,https://pokemonkg.org/instance/pokemon/staryu,https://pokemonkg.org/instance/pokemon/slowpoke,https://pokemonkg.org/instance/pokemon/magikarp,https://pokemonkg.org/instance/pokemon/psyduck,https://pokemonkg.org/instance/pokemon/zubat,https://pokemonkg.org/instance/pokemon/goldeen,https://pokemonkg.org/instance/pokemon/shellder,https://pokemonkg.org/instance/pokemon/horsea
73,https://pokemonkg.org/instance/pokemon/tentacruel,https://pokemonkg.org/instance/pokemon/tentacool,https://pokemonkg.org/instance/pokemon/gyarados,https://pokemonkg.org/instance/pokemon/golduck,https://pokemonkg.org/instance/pokemon/starmie,https://pokemonkg.org/instance/pokemon/omastar,https://pokemonkg.org/instance/pokemon/poliwrath,https://pokemonkg.org/instance/pokemon/nidoqueen,https://pokemonkg.org/instance/pokemon/cloyster,https://pokemonkg.org/instance/pokemon/nidoking
74,https://pokemonkg.org/instance/pokemon/geodude,https://pokemonkg.org/instance/pokemon/graveler,https://pokemonkg.org/instance/pokemon/golem,https://pokemonkg.org/instance/pokemon/onix,https://pokemonkg.org/instance/pokemon/machop,https://pokemonkg.org/instance/pokemon/zubat,https://pokemonkg.org/instance/pokemon/machoke,https://pokemonkg.org/instance/pokemon/magikarp,https://pokemonkg.org/instance/pokemon/machamp,https://pokemonkg.org/instance/pokemon/pikachu
75,https://pokemonkg.org/instance/pokemon/graveler,https://pokemonkg.org/instance/pokemon/golem,https://pokemonkg.org/instance/pokemon/geodude,https://pokemonkg.org/instance/pokemon/machoke,https://pokemonkg.org/instance/pokemon/onix,https://pokemonkg.org/instance/pokemon/machamp,https://pokemonkg.org/instance/pokemon/rhyhorn,https://pokemonkg.org/instance/pokemon/sandslash,https://pokemonkg.org/instance/pokemon/rhydon,https://pokemonkg.org/instance/pokemon/golbat
76,https://pokemonkg.org/instance/pokemon/golem,https://pokemonkg.org/instance/pokemon/geodude,https://pokemonkg.org/instance/pokemon/rhydon,https://pokemonkg.org/instance/pokemon/dewgong,https://pokemonkg.org/instance/pokemon/alakazam,https://pokemonkg.org/instance/pokemon/machamp,https://pokemonkg.org/instance/pokemon/omastar,https://pokemonkg.org/instance/pokemon/nidoking,https://pokemonkg.org/instance/pokemon/charizard,https://pokemonkg.org/instance/pokemon/snorlax
77,https://pokemonkg.org/instance/pokemon/ponyta,https://pokemonkg.org/instance/pokemon/rapidash,https://pokemonkg.org/instance/pokemon/vulpix,https://pokemonkg.org/instance/pokemon/meowth,https://pokemonkg.org/instance/pokemon/eevee,https://pokemonkg.org/instance/pokemon/pikachu,https://pokemonkg.org/instance/pokemon/slowpoke,https://pokemonkg.org/instance/pokemon/growlithe,https://pokemonkg.org/instance/pokemon/articuno,https://pokemonkg.org/instance/pokemon/charmander
78,https://pokemonkg.org/instance/pokemon/rapidash,https://pokemonkg.org/instance/pokemon/ponyta,https://pokemonkg.org/instance/pokemon/ninetales,https://pokemonkg.org/instance/pokemon/arcanine,https://pokemonkg.org/instance/pokemon/flareon,https://pokemonkg.org/instance/pokemon/raichu,https://pokemonkg.org/instance/pokemon/slowbro,https://pokemonkg.org/instance/pokemon/charizard,https://pokemonkg.org/instance/pokemon/vulpix,https://pokemonkg.org/instance/pokemon/marowak
79,https://pokemonkg.org/instance/pokemon/slowpoke,https://pokemonkg.org/instance/pokemon/slowbro,https://pokemonkg.org/instance/pokemon/psyduck,https://pokemonkg.org/instance/pokemon/snorlax,https://pokemonkg.org/instance/pokemon/magikarp,https://pokemonkg.org/instance/pokemon/ponyta,https://pokemonkg.org/instance/pokemon/jigglypuff,https://pokemonkg.org/instance/pokemon/jynx,https://pokemonkg.org/instance/pokemon/pikachu,https://pokemonkg.org/instance/pokemon/meowth
80,https://pokemonkg.org/instance/pokemon/slowbro,https://pokemonkg.org/instance/pokemon/slowpoke,https://pokemonkg.org/instance/pokemon/jynx,https://pokemonkg.org/instance/pokemon/lapras,https://pokemonkg.org/instance/pokemon/nidoking,https://pokemonkg.org/instance/pokemon/arcanine,https://pokemonkg.org/instance/pokemon/mr-mime,https://pokemonkg.org/instance/pokemon/cloyster,https://pokemonkg.org/instance/pokemon/snorlax,https://pokemonkg.org/instance/pokemon/exeggutor
81,https://pokemonkg.org/instance/pokemon/magnemite,https://pokemonkg.org/instance/pokemon/magneton,https://pokemonkg.org/instance/pokemon/voltorb,https://pokemonkg.org/instance/pokemon/slowpoke,https://pokemonkg.org/instance/pokemon/raichu,https://pokemonkg.org/instance/pokemon/psyduck,https://pokemonkg.org/instance/pokemon/pikachu,https://pokemonkg.org/instance/pokemon/grimer,https://pokemonkg.org/instance/pokemon/gastly,https://pokemonkg.org/instance/pokemon/exeggcute
82,https://pokemonkg.org/instance/pokemon/magneton,https://pokemonkg.org/instance/pokemon/magnemite,https://pokemonkg.org/instance/pokemon/haunter,https://pokemonkg.org/instance/pokemon/raichu,https://pokemonkg.org/instance/pokemon/electabuzz,https://pokemonkg.org/instance/pokemon/marowak,https://pokemonkg.org/instance/pokemon/voltorb,https://pokemonkg.org/instance/pokemon/aerodactyl,https://pokemonkg.org/instance/pokemon/magmar,https://pokemonkg.org/instance/pokemon/dugtrio
83,https://pokemonkg.org/instance/pokemon/farfetchd,https://pokemonkg.org/instance/pokemon/hitmonlee,https://pokemonkg.org/instance/pokemon/ponyta,https://pokemonkg.org/instance/pokemon/kangaskhan,https://pokemonkg.org/instance/pokemon/meowth,https://pokemonkg.org/instance/pokemon/tauros,https://pokemonkg.org/instance/pokemon/mr-mime,https://pokemonkg.org/instance/pokemon/pikachu,https://pokemonkg.org/instance/pokemon/psyduck,https://pokemonkg.org/instance/pokemon/slowpoke
84,https://pokemonkg.org/instance/pokemon/doduo,https://pokemonkg.org/instance/pokemon/dodrio,https://pokemonkg.org/instance/pokemon/dugtrio,https://pokemonkg.org/instance/pokemon/pikachu,https://pokemonkg.org/instance/pokemon/pidgey,https://pokemonkg.org/instance/pokemon/farfetchd,https://pokemonkg.org/instance/pokemon/rattata,https://pokemonkg.org/instance/pokemon/magikarp,https://pokemonkg.org/instance/pokemon/meowth,https://pokemonkg.org/instance/pokemon/spearow
85,https://pokemonkg.org/instance/pokemon/dodrio,https://pokemonkg.org/instance/pokemon/doduo,https://pokemonkg.org/instance/pokemon/fearow,https://pokemonkg.org/instance/pokemon/dugtrio,https://pokemonkg.org/instance/pokemon/pidgeot,https://pokemonkg.org/instance/pokemon/exeggutor,https://pokemonkg.org/instance/pokemon/tauros,https://pokemonkg.org/instance/pokemon/sandslash,https://pokemonkg.org/instance/pokemon/charizard,https://pokemonkg.org/instance/pokemon/farfetchd
86,https://pokemonkg.org/instance/pokemon/seel,https://pokemonkg.org/instance/pokemon/dewgong,https://pokemonkg.org/instance/pokemon/shellder,https://pokemonkg.org/instance/pokemon/dugtrio,https://pokemonkg.org/instance/pokemon/psyduck,https://pokemonkg.org/instance/pokemon/farfetchd,https://pokemonkg.org/instance/pokemon/magnemite,https://pokemonkg.org/instance/pokemon/clefairy,https://pokemonkg.org/instance/pokemon/squirtle,https://pokemonkg.org/instance/pokemon/tentacool
87,https://pokemonkg.org/instance/pokemon/dewgong,https://pokemonkg.org/instance/pokemon/seel,https://pokemonkg.org/instance/pokemon/jynx,https://pokemonkg.org/instance/pokemon/lapras,https://pokemonkg.org/instance/pokemon/cloyster,https://pokemonkg.org/instance/pokemon/slowbro,https://pokemonkg.org/instance/pokemon/nidoking,https://pokemonkg.org/instance/pokemon/machamp,https://pokemonkg.org/instance/pokemon/kangaskhan,https://pokemonkg.org/instance/pokemon/gyarados
88,https://pokemonkg.org/instance/pokemon/grimer,https://pokemonkg.org/instance/pokemon/muk,https://pokemonkg.org/instance/pokemon/koffing,https://pokemonkg.org/instance/pokemon/ditto,https://pokemonkg.org/instance/pokemon/ekans,https://pokemonkg.org/instance/pokemon/rattata,https://pokemonkg.org/instance/pokemon/zubat,https://pokemonkg.org/instance/pokemon/geodude,https://pokemonkg.org/instance/pokemon/golbat,https://pokemonkg.org/instance/pokemon/magnemite
89,https://pokemonkg.org/instance/pokemon/muk,https://pokemonkg.org/instance/pokemon/grimer,https://pokemonkg.org/instance/pokemon/venomoth,https://pokemonkg.org/instance/pokemon/golbat,https://pokemonkg.org/instance/pokemon/snorlax,https://pokemonkg.org/instance/pokemon/koffing,https://pokemonkg.org/instance/pokemon/ditto,https://pokemonkg.org/instance/pokemon/beedrill,https://pokemonkg.org/instance/pokemon/ninetales,https://pokemonkg.org/instance/pokemon/exeggutor
90,https://pokemonkg.org/instance/pokemon/shellder,https://pokemonkg.org/instance/pokemon/cloyster,https://pokemonkg.org/instance/pokemon/slowpoke,https://pokemonkg.org/instance/pokemon/staryu,https://pokemonkg.org/instance/pokemon/goldeen,https://pokemonkg.org/instance/pokemon/horsea,https://pokemonkg.org/instance/pokemon/tentacool,https://pokemonkg.org/instance/pokemon/seel,https://pokemonkg.org/instance/pokemon/omanyte,https://pokemonkg.org/instance/pokemon/krabby
91,https://pokemonkg.org/instance/pokemon/cloyster,https://pokemonkg.org/instance/pokemon/shellder,https://pokemonkg.org/instance/pokemon/lapras,https://pokemonkg.org/instance/pokemon/jynx,https://pokemonkg.org/instance/pokemon/slowbro,https://pokemonkg.org/instance/pokemon/dewgong,https://pokemonkg.org/instance/pokemon/gyarados,https://pokemonkg.org/instance/pokemon/machamp,https://pokemonkg.org/instance/pokemon/starmie,https://pokemonkg.org/instance/pokemon/gengar
92,https://pokemonkg.org/instance/pokemon/gastly,https://pokemonkg.org/instance/pokemon/haunter,https://pokemonkg.org/instance/pokemon/gengar,https://pokemonkg.org/instance/pokemon/machop,https://pokemonkg.org/instance/pokemon/zubat,https://pokemonkg.org/instance/pokemon/koffing,https://pokemonkg.org/instance/pokemon/geodude,https://pokemonkg.org/instance/pokemon/magnemite,https://pokemonkg.org/instance/pokemon/pikachu,https://pokemonkg.org/instance/pokemon/oddish
93,https://pokemonkg.org/instance/pokemon/haunter,https://pokemonkg.org/instance/pokemon/gengar,https://pokemonkg.org/instance/pokemon/gastly,https://pokemonkg.org/instance/pokemon/kadabra,https://pokemonkg.org/instance/pokemon/snorlax,https://pokemonkg.org/instance/pokemon/golbat,https://pokemonkg.org/instance/pokemon/alakazam,https://pokemonkg.org/instance/pokemon/arbok,https://pokemonkg.org/instance/pokemon/magneton,https://pokemonkg.org/instance/pokemon/gyarados
94,https://pokemonkg.org/instance/pokemon/gengar,https://pokemonkg.org/instance/pokemon/haunter,https://pokemonkg.org/instance/pokemon/alakazam,https://pokemonkg.org/instance/pokemon/golbat,https://pokemonkg.org/instance/pokemon/vileplume,https://pokemonkg.org/instance/pokemon/mewtwo,https://pokemonkg.org/instance/pokemon/dragonite,https://pokemonkg.org/instance/pokemon/nidoking,https://pokemonkg.org/instance/pokemon/machamp,https://pokemonkg.org/instance/pokemon/charizard
95,https://pokemonkg.org/instance/pokemon/onix,https://pokemonkg.org/instance/pokemon/geodude,https://pokemonkg.org/instance/pokemon/hitmonchan,https://pokemonkg.org/instance/pokemon/hitmonlee,https://pokemonkg.org/instance/pokemon/rhyhorn,https://pokemonkg.org/instance/pokemon/machamp,https://pokemonkg.org/instance/pokemon/graveler,https://pokemonkg.org/instance/pokemon/slowbro,https://pokemonkg.org/instance/pokemon/gyarados,https://pokemonkg.org/instance/pokemon/snorlax
96,https://pokemonkg.org/instance/pokemon/drowzee,https://pokemonkg.org/instance/pokemon/hypno,https://pokemonkg.org/instance/pokemon/cubone,https://pokemonkg.org/instance/pokemon/scyther,https://pokemonkg.org/instance/pokemon/diglett,https://pokemonkg.org/instance/pokemon/sandshrew,https://pokemonkg.org/instance/pokemon/zubat,https://pokemonkg.org/instance/pokemon/grimer,https://pokemonkg.org/instance/pokemon/growlithe,https://pokemonkg.org/instance/pokemon/krabby
97,https://pokemonkg.org/instance/pokemon/hypno,https://pokemonkg.org/instance/pokemon/drowzee,https://pokemonkg.org/instance/pokemon/slowbro,https://pokemonkg.org/instance/pokemon/mr-mime,https://pokemonkg.org/instance/pokemon/alakazam,https://pokemonkg.org/instance/pokemon/kadabra,https://pokemonkg.org/instance/pokemon/grimer,https://pokemonkg.org/instance/pokemon/exeggutor,https://pokemonkg.org/instance/pokemon/snorlax,https://pokemonkg.org/instance/pokemon/slowpoke
98,https://pokemonkg.org/instance/pokemon/krabby,https://pokemonkg.org/instance/pokemon/kingler,https://pokemonkg.org/instance/pokemon/psyduck,https://pokemonkg.org/instance/pokemon/magikarp,https://pokemonkg.org/instance/pokemon/slowpoke,https://pokemonkg.org/instance/pokemon/staryu,https://pokemonkg.org/instance/pokemon/goldeen,https://pokemonkg.org/instance/pokemon/squirtle,https://pokemonkg.org/instance/pokemon/shellder,https://pokemonkg.org/instance/pokemon/cubone
99,https://pokemonkg.org/instance/pokemon/kingler,https://pokemonkg.org/instance/pokemon/krabby,https://pokemonkg.org/instance/pokemon/poliwrath,https://pokemonkg.org/instance/pokemon/lapras,https://pokemonkg.org/instance/pokemon/gyarados,https://pokemonkg.org/instance/pokemon/tentacruel,https://pokemonkg.org/instance/pokemon/seaking,https://pokemonkg.org/instance/pokemon/seadra,https://pokemonkg.org/instance/pokemon/squirtle,https://pokemonkg.org/instance/pokemon/nidoking
100,https://pokemonkg.org/instance/pokemon/voltorb,https://pokemonkg.org/instance/pokemon/magnemite,https://pokemonkg.org/instance/pokemon/pikachu,https://pokemonkg.org/instance/pokemon/magneton,https://pokemonkg.org/instance/pokemon/geodude,https://pokemonkg.org/instance/pokemon/koffing,https://pokemonkg.org/instance/pokemon/raichu,https://pokemonkg.org/instance/pokemon/dugtrio,https://pokemonkg.org/instance/pokemon/charmander,https://pokemonkg.org/instance/pokemon/vulpix
101,https://pokemonkg.org/instance/pokemon/electrode,https://pokemonkg.org/instance/pokemon/voltorb,https://pokemonkg.org/instance/pokemon/kangaskhan,https://pokemonkg.org/instance/pokemon/zapdos,https://pokemonkg.org/instance/pokemon/electabuzz,https://pokemonkg.org/instance/pokemon/magneton,https://pokemonkg.org/instance/pokemon/raichu,https://pokemonkg.org/instance/pokemon/pikachu,https://pokemonkg.org/instance/pokemon/magnemite,https://pokemonkg.org/instance/pokemon/jolteon
102,https://pokemonkg.org/instance/pokemon/exeggcute,https://pokemonkg.org/instance/pokemon/exeggutor,https://pokemonkg.org/instance/pokemon/slowpoke,https://pokemonkg.org/instance/pokemon/alakazam,https://pokemonkg.org/instance/pokemon/magnemite,https://pokemonkg.org/instance/pokemon/oddish,https://pokemonkg.org/instance/pokemon/voltorb,https://pokemonkg.org/instance/pokemon/cubone,https://pokemonkg.org/instance/pokemon/growlithe,https://pokemonkg.org/instance/pokemon/pikachu
103,https://pokemonkg.org/instance/pokemon/exeggutor,https://pokemonkg.org/instance/pokemon/exeggcute,https://pokemonkg.org/instance/pokemon/slowbro,https://pokemonkg.org/instance/pokemon/jynx,https://pokemonkg.org/instance/pokemon/alakazam,https://pokemonkg.org/instance/pokemon/dragonite,https://pokemonkg.org/instance/pokemon/gyarados,https://pokemonkg.org/instance/pokemon/charizard,https://pokemonkg.org/instance/pokemon/aerodactyl,https://pokemonkg.org/instance/pokemon/vulpix
104,https://pokemonkg.org/instance/pokemon/cubone,https://pokemonkg.org/instance/pokemon/marowak,https://pokemonkg.org/instance/pokemon/kangaskhan,https://pokemonkg.org/instance/pokemon/charmander,https://pokemonkg.org/instance/pokemon/scyther,https://pokemonkg.org/instance/pokemon/pikachu,https://pokemonkg.org/instance/pokemon/slowpoke,https://pokemonkg.org/instance/pokemon/drowzee,https://pokemonkg.org/instance/pokemon/psyduck,https://pokemonkg.org/instance/pokemon/bulbasaur
105,https://pokemonkg.org/instance/pokemon/marowak,https://pokemonkg.org/instance/pokemon/cubone,https://pokemonkg.org/instance/pokemon/raichu,https://pokemonkg.org/instance/pokemon/kangaskhan,https://pokemonkg.org/instance/pokemon/vileplume,https://pokemonkg.org/instance/pokemon/slowbro,https://pokemonkg.org/instance/pokemon/rapidash,https://pokemonkg.org/instance/pokemon/ninetales,https://pokemonkg.org/instance/pokemon/jolteon,https://pokemonkg.org/instance/pokemon/magneton
106,https://pokemonkg.org/instance/pokemon/hitmonlee,https://pokemonkg.org/instance/pokemon/hitmonchan,https://pokemonkg.org/instance/pokemon/machamp,https://pokemonkg.org/instance/pokemon/poliwrath,https://pokemonkg.org/instance/pokemon/farfetchd,https://pokemonkg.org/instance/pokemon/onix,https://pokemonkg.org/instance/pokemon/snorlax,https://pokemonkg.org/instance/pokemon/gengar,https://pokemonkg.org/instance/pokemon/slowbro,https://pokemonkg.org/instance/pokemon/machoke
107,https://pokemonkg.org/instance/pokemon/hitmonchan,https://pokemonkg.org/instance/pokemon/hitmonlee,https://pokemonkg.org/instance/pokemon/machamp,https://pokemonkg.org/instance/pokemon/onix,https://pokemonkg.org/instance/pokemon/poliwrath,https://pokemonkg.org/instance/pokemon/jynx,https://pokemonkg.org/instance/pokemon/machoke,https://pokemonkg.org/instance/pokemon/dragonair,https://pokemonkg.org/instance/pokemon/lapras,https://pokemonkg.org/instance/pokemon/machop
108,https://pokemonkg.org/instance/pokemon/lickitung,https://pokemonkg.org/instance/pokemon/snorlax,https://pokemonkg.org/instance/pokemon/slowpoke,https://pokemonkg.org/instance/pokemon/tangela,https://pokemonkg.org/instance/pokemon/chansey,https://pokemonkg.org/instance/pokemon/blastoise,https://pokemonkg.org/instance/pokemon/ditto,https://pokemonkg.org/instance/pokemon/jynx,https://pokemonkg.org/instance/pokemon/golbat,https://pokemonkg.org/instance/pokemon/grimer
109,https://pokemonkg.org/instance/pokemon/koffing,https://pokemonkg.org/instance/pokemon/weezing,https://pokemonkg.org/instance/pokemon/ekans,https://pokemonkg.org/instance/pokemon/grimer,https://pokemonkg.org/instance/pokemon/arbok,https://pokemonkg.org/instance/pokemon/muk,https://pokemonkg.org/instance/pokemon/golbat,https://pokemonkg.org/instance/pokemon/slowpoke,https://pokemonkg.org/instance/pokemon/rhyhorn,https://pokemonkg.org/instance/pokemon/rattata
110,https://pokemonkg.org/instance/pokemon/weezing,https://pokemonkg.org/instance/pokemon/arbok,https://pokemonkg.org/instance/pokemon/koffing,https://pokemonkg.org/instance/pokemon/slowbro,https://pokemonkg.org/instance/pokemon/ponyta,https://pokemonkg.org/instance/pokemon/muk,https://pokemonkg.org/instance/pokemon/golbat,https://pokemonkg.org/instance/pokemon/meowth,https://pokemonkg.org/instance/pokemon/rapidash,https://pokemonkg.org/instance/pokemon/ekans
111,https://pokemonkg.org/instance/pokemon/rhyhorn,https://pokemonkg.org/instance/pokemon/rhydon,https://pokemonkg.org/instance/pokemon/nidoqueen,https://pokemonkg.org/instance/pokemon/kangaskhan,https://pokemonkg.org/instance/pokemon/nidoking,https://pokemonkg.org/instance/pokemon/koffing,https://pokemonkg.org/instance/pokemon/snorlax,https://pokemonkg.org/instance/pokemon/cubone,https://pokemonkg.org/instance/pokemon/geodude,https://pokemonkg.org/instance/pokemon/onix
112,https://pokemonkg.org/instance/pokemon/rhydon,https://pokemonkg.org/instance/pokemon/rhyhorn,https://pokemonkg.org/instance/pokemon/nidoking,https://pokemonkg.org/instance/pokemon/nidoqueen,https://pokemonkg.org/instance/pokemon/alakazam,https://pokemonkg.org/instance/pokemon/gyarados,https://pokemonkg.org/instance/pokemon/snorlax,https://pokemonkg.org/instance/pokemon/kangaskhan,https://pokemonkg.org/instance/pokemon/machamp,https://pokemonkg.org/instance/pokemon/mewtwo
113,https://pokemonkg.org/instance/pokemon/chansey,https://pokemonkg.org/instance/pokemon/jigglypuff,https://pokemonkg.org/instance/pokemon/clefairy,https://pokemonkg.org/instance/pokemon/snorlax,https://pokemonkg.org/instance/pokemon/kangaskhan,https://pokemonkg.org/instance/pokemon/eevee,https://pokemonkg.org/instance/pokemon/tangela,https://pokemonkg.org/instance/pokemon/hitmonchan,https://pokemonkg.org/instance/pokemon/lapras,https://pokemonkg.org/instance/pokemon/charizard
114,https://pokemonkg.org/instance/pokemon/tangela,https://pokemonkg.org/instance/pokemon/jynx,https://pokemonkg.org/instance/pokemon/oddish,https://pokemonkg.org/instance/pokemon/kangaskhan,https://pokemonkg.org/instance/pokemon/venonat,https://pokemonkg.org/instance/pokemon/vileplume,https://pokemonkg.org/instance/pokemon/chansey,https://pokemonkg.org/instance/pokemon/lickitung,https://pokemonkg.org/instance/pokemon/weepinbell,https://pokemonkg.org/instance/pokemon/snorlax
115,https://pokemonkg.org/instance/pokemon/kangaskhan,https://pokemonkg.org/instance/pokemon/moltres,https://pokemonkg.org/instance/pokemon/tauros,https://pokemonkg.org/instance/pokemon/nidoking,https://pokemonkg.org/instance/pokemon/cubone,https://pokemonkg.org/instance/pokemon/zapdos,https://pokemonkg.org/instance/pokemon/mewtwo,https://pokemonkg.org/instance/pokemon/mr-mime,https://pokemonkg.org/instance/pokemon/rhyhorn,https://pokemonkg.org/instance/pokemon/pinsir
116,https://pokemonkg.org/instance/pokemon/horsea,https://pokemonkg.org/instance/pokemon/seadra,https://pokemonkg.org/instance/pokemon/shellder,https://pokemonkg.org/instance/pokemon/slowpoke,https://pokemonkg.org/instance/pokemon/magikarp,https://pokemonkg.org/instance/pokemon/poliwag,https://pokemonkg.org/instance/pokemon/tentacool,https://pokemonkg.org/instance/pokemon/staryu,https://pokemonkg.org/instance/pokemon/dratini,https://pokemonkg.org/instance/pokemon/goldeen
117,https://pokemonkg.org/instance/pokemon/seadra,https://pokemonkg.org/instance/pokemon/horsea,https://pokemonkg.org/instance/pokemon/aerodactyl,https://pokemonkg.org/instance/pokemon/seaking,https://pokemonkg.org/instance/pokemon/gyarados,https://pokemonkg.org/instance/pokemon/golbat,https://pokemonkg.org/instance/pokemon/kingler,https://pokemonkg.org/instance/pokemon/starmie,https://pokemonkg.org/instance/pokemon/poliwhirl,https://pokemonkg.org/instance/pokemon/dratini
118,https://pokemonkg.org/instance/pokemon/goldeen,https://pokemonkg.org/instance/pokemon/seaking,https://pokemonkg.org/instance/pokemon/magikarp,https://pokemonkg.org/instance/pokemon/gyarados,https://pokemonkg.org/instance/pokemon/shellder,https://pokemonkg.org/instance/pokemon/staryu,https://pokemonkg.org/instance/pokemon/poliwag,https://pokemonkg.org/instance/pokemon/psyduck,https://pokemonkg.org/instance/pokemon/slowpoke,https://pokemonkg.org/instance/pokemon/golduck
119,https://pokemonkg.org/instance/pokemon/seaking,https://pokemonkg.org/instance/pokemon/goldeen,https://pokemonkg.org/instance/pokemon/seadra,https://pokemonkg.org/instance/pokemon/magikarp,https://pokemonkg.org/instance/pokemon/gyarados,https://pokemonkg.org/instance/pokemon/staryu,https://pokemonkg.org/instance/pokemon/starmie,https://pokemonkg.org/instance/pokemon/lapras,https://pokemonkg.org/instance/pokemon/kingler,https://pokemonkg.org/instance/pokemon/golduck
120,https://pokemonkg.org/instance/pokemon/staryu,https://pokemonkg.org/instance/pokemon/starmie,https://pokemonkg.org/instance/pokemon/tentacool,https://pokemonkg.org/instance/pokemon/magikarp,https://pokemonkg.org/instance/pokemon/shellder,https://pokemonkg.org/instance/pokemon/psyduck,https://pokemonkg.org/instance/pokemon/gyarados,https://pokemonkg.org/instance/pokemon/seaking,https://pokemonkg.org/instance/pokemon/goldeen,https://pokemonkg.org/instance/pokemon/slowpoke
121,https://pokemonkg.org/instance/pokemon/starmie,https://pokemonkg.org/instance/pokemon/staryu,https://pokemonkg.org/instance/pokemon/gyarados,https://pokemonkg.org/instance/pokemon/lapras,https://pokemonkg.org/instance/pokemon/tentacruel,https://pokemonkg.org/instance/pokemon/aerodactyl,https://pokemonkg.org/instance/pokemon/alakazam,https://pokemonkg.org/instance/pokemon/ninetales,https://pokemonkg.org/instance/pokemon/golduck,https://pokemonkg.org/instance/pokemon/cloyster
122,https://pokemonkg.org/instance/pokemon/mr-mime,https://pokemonkg.org/instance/pokemon/jynx,https://pokemonkg.org/instance/pokemon/alakazam,https://pokemonkg.org/instance/pokemon/snorlax,https://pokemonkg.org/instance/pokemon/kangaskhan,https://pokemonkg.org/instance/pokemon/slowbro,https://pokemonkg.org/instance/pokemon/kadabra,https://pokemonkg.org/instance/pokemon/tauros,https://pokemonkg.org/instance/pokemon/pikachu,https://pokemonkg.org/instance/pokemon/charizard
123,https://pokemonkg.org/instance/pokemon/scyther,https://pokemonkg.org/instance/pokemon/pinsir,https://pokemonkg.org/instance/pokemon/cubone,https://pokemonkg.org/instance/pokemon/gyarados,https://pokemonkg.org/instance/pokemon/dratini,https://pokemonkg.org/instance/pokemon/jynx,https://pokemonkg.org/instance/pokemon/electabuzz,https://pokemonkg.org/instance/pokemon/eevee,https://pokemonkg.org/instance/pokemon/tauros,https://pokemonkg.org/instance/pokemon/marowak
124,https://pokemonkg.org/instance/pokemon/jynx,https://pokemonkg.org/instance/pokemon/mr-mime,https://pokemonkg.org/instance/pokemon/slowbro,https://pokemonkg.org/instance/pokemon/lapras,https://pokemonkg.org/instance/pokemon/alakazam,https://pokemonkg.org/instance/pokemon/cloyster,https://pokemonkg.org/instance/pokemon/dewgong,https://pokemonkg.org/instance/pokemon/slowpoke,https://pokemonkg.org/instance/pokemon/exeggutor,https://pokemonkg.org/instance/pokemon/magikarp
125,https://pokemonkg.org/instance/pokemon/electabuzz,https://pokemonkg.org/instance/pokemon/magmar,https://pokemonkg.org/instance/pokemon/raichu,https://pokemonkg.org/instance/pokemon/magneton,https://pokemonkg.org/instance/pokemon/scyther,https://pokemonkg.org/instance/pokemon/pikachu,https://pokemonkg.org/instance/pokemon/zapdos,https://pokemonkg.org/instance/pokemon/koffing,https://pokemonkg.org/instance/pokemon/snorlax,https://pokemonkg.org/instance/pokemon/voltorb
126,https://pokemonkg.org/instance/pokemon/magmar,https://pokemonkg.org/instance/pokemon/electabuzz,https://pokemonkg.org/instance/pokemon/growlithe,https://pokemonkg.org/instance/pokemon/arcanine,https://pokemonkg.org/instance/pokemon/pinsir,https://pokemonkg.org/instance/pokemon/rapidash,https://pokemonkg.org/instance/pokemon/magneton,https://pokemonkg.org/instance/pokemon/ponyta,https://pokemonkg.org/instance/pokemon/vulpix,https://pokemonkg.org/instance/pokemon/jynx
127,https://pokemonkg.org/instance/pokemon/pinsir,https://pokemonkg.org/instance/pokemon/scyther,https://pokemonkg.org/instance/pokemon/tauros,https://pokemonkg.org/instance/pokemon/kangaskhan,https://pokemonkg.org/instance/pokemon/aerodactyl,https://pokemonkg.org/instance/pokemon/articuno,https://pokemonkg.org/instance/pokemon/gyarados,https://pokemonkg.org/instance/pokemon/magmar,https://pokemonkg.org/instance/pokemon/lapras,https://pokemonkg.org/instance/pokemon/marowak
128,https://pokemonkg.org/instance/pokemon/tauros,https://pokemonkg.org/instance/pokemon/kangaskhan,https://pokemonkg.org/instance/pokemon/pinsir,https://pokemonkg.org/instance/pokemon/mr-mime,https://pokemonkg.org/instance/pokemon/snorlax,https://pokemonkg.org/instance/pokemon/lapras,https://pokemonkg.org/instance/pokemon/farfetchd,https://pokemonkg.org/instance/pokemon/scyther,https://pokemonkg.org/instance/pokemon/gyarados,https://pokemonkg.org/instance/pokemon/mankey
129,https://pokemonkg.org/instance/pokemon/magikarp,https://pokemonkg.org/instance/pokemon/gyarados,https://pokemonkg.org/instance/pokemon/psyduck,https://pokemonkg.org/instance/pokemon/snorlax,https://pokemonkg.org/instance/pokemon/pikachu,https://pokemonkg.org/instance/pokemon/charizard,https://pokemonkg.org/instance/pokemon/lapras,https://pokemonkg.org/instance/pokemon/slowpoke,https://pokemonkg.org/instance/pokemon/eevee,https://pokemonkg.org/instance/pokemon/charmander
130,https://pokemonkg.org/instance/pokemon/gyarados,https://pokemonkg.org/instance/pokemon/magikarp,https://pokemonkg.org/instance/pokemon/charizard,https://pokemonkg.org/instance/pokemon/snorlax,https://pokemonkg.org/instance/pokemon/lapras,https://pokemonkg.org/instance/pokemon/dragonite,https://pokemonkg.org/instance/pokemon/mewtwo,https://pokemonkg.org/instance/pokemon/venusaur,https://pokemonkg.org/instance/pokemon/aerodactyl,https://pokemonkg.org/instance/pokemon/raichu
131,https://pokemonkg.org/instance/pokemon/lapras,https://pokemonkg.org/instance/pokemon/gyarados,https://pokemonkg.org/instance/pokemon/snorlax,https://pokemonkg.org/instance/pokemon/slowbro,https://pokemonkg.org/instance/pokemon/cloyster,https://pokemonkg.org/instance/pokemon/jynx,https://pokemonkg.org/instance/pokemon/magikarp,https://pokemonkg.org/instance/pokemon/vaporeon,https://pokemonkg.org/instance/pokemon/charizard,https://pokemonkg.org/instance/pokemon/dragonite
132,https://pokemonkg.org/instance/pokemon/ditto,https://pokemonkg.org/instance/pokemon/snorlax,https://pokemonkg.org/instance/pokemon/mewtwo,https://pokemonkg.org/instance/pokemon/eevee,https://pokemonkg.org/instance/pokemon/mew,https://pokemonkg.org/instance/pokemon/pikachu,https://pokemonkg.org/instance/pokemon/jigglypuff,https://pokemonkg.org/instance/pokemon/squirtle,https://pokemonkg.org/instance/pokemon/charmander,https://pokemonkg.org/instance/pokemon/grimer
133,https://pokemonkg.org/instance/pokemon/eevee,https://pokemonkg.org/instance/pokemon/pikachu,https://pokemonkg.org/instance/pokemon/flareon,https://pokemonkg.org/instance/pokemon/jolteon,https://pokemonkg.org/instance/pokemon/charmander,https://pokemonkg.org/instance/pokemon/snorlax,https://pokemonkg.org/instance/pokemon/vulpix,https://pokemonkg.org/instance/pokemon/charizard,https://pokemonkg.org/instance/pokemon/vaporeon,https://pokemonkg.org/instance/pokemon/jigglypuff
134,https://pokemonkg.org/instance/pokemon/vaporeon,https://pokemonkg.org/instance/pokemon/eevee,https://pokemonkg.org/instance/pokemon/jolteon,https://pokemonkg.org/instance/pokemon/flareon,https://pokemonkg.org/instance/pokemon/gyarados,https://pokemonkg.org/instance/pokemon/arcanine,https://pokemonkg.org/instance/pokemon/charizard,https://pokemonkg.org/instance/pokemon/machamp,https://pokemonkg.org/instance/pokemon/snorlax,https://pokemonkg.org/instance/pokemon/dragonite
135,https://pokemonkg.org/instance/pokemon/jolteon,https://pokemonkg.org/instance/pokemon/eevee,https://pokemonkg.org/instance/pokemon/vaporeon,https://pokemonkg.org/instance/pokemon/zapdos,https://pokemonkg.org/instance/pokemon/marowak,https://pokemonkg.org/instance/pokemon/vileplume,https://pokemonkg.org/instance/pokemon/flareon,https://pokemonkg.org/instance/pokemon/rapidash,https://pokemonkg.org/instance/pokemon/slowbro,https://pokemonkg.org/instance/pokemon/dragonite
136,https://pokemonkg.org/instance/pokemon/flareon,https://pokemonkg.org/instance/pokemon/vaporeon,https://pokemonkg.org/instance/pokemon/eevee,https://pokemonkg.org/instance/pokemon/arcanine,https://pokemonkg.org/instance/pokemon/vulpix,https://pokemonkg.org/instance/pokemon/rapidash,https://pokemonkg.org/instance/pokemon/charizard,https://pokemonkg.org/instance/pokemon/growlithe,https://pokemonkg.org/instance/pokemon/ninetales,https://pokemonkg.org/instance/pokemon/charmander
137,https://pokemonkg.org/instance/pokemon/porygon,https://pokemonkg.org/instance/pokemon/magneton,https://pokemonkg.org/instance/pokemon/grimer,https://pokemonkg.org/instance/pokemon/koffing,https://pokemonkg.org/instance/pokemon/nidoqueen,https://pokemonkg.org/instance/pokemon/slowpoke,https://pokemonkg.org/instance/pokemon/chansey,https://pokemonkg.org/instance/pokemon/scyther,https://pokemonkg.org/instance/pokemon/kadabra,https://pokemonkg.org/instance/pokemon/snorlax
138,https://pokemonkg.org/instance/pokemon/omanyte,https://pokemonkg.org/instance/pokemon/omastar,https://pokemonkg.org/instance/pokemon/kabutops,https://pokemonkg.org/instance/pokemon/kabuto,https://pokemonkg.org/instance/pokemon/aerodactyl,https://pokemonkg.org/instance/pokemon/shellder,https://pokemonkg.org/instance/pokemon/slowpoke,https://pokemonkg.org/instance/pokemon/cloyster,https://pokemonkg.org/instance/pokemon/lapras,https://pokemonkg.org/instance/pokemon/squirtle
139,https://pokemonkg.org/instance/pokemon/omastar,https://pokemonkg.org/instance/pokemon/omanyte,https://pokemonkg.org/instance/pokemon/kabutops,https://pokemonkg.org/instance/pokemon/aerodactyl,https://pokemonkg.org/instance/pokemon/tentacruel,https://pokemonkg.org/instance/pokemon/lapras,https://pokemonkg.org/instance/pokemon/gyarados,https://pokemonkg.org/instance/pokemon/rhydon,https://pokemonkg.org/instance/pokemon/cloyster,https://pokemonkg.org/instance/pokemon/starmie
140,https://pokemonkg.org/instance/pokemon/kabuto,https://pokemonkg.org/instance/pokemon/kabutops,https://pokemonkg.org/instance/pokemon/omanyte,https://pokemonkg.org/instance/pokemon/aerodactyl,https://pokemonkg.org/instance/pokemon/omastar,https://pokemonkg.org/instance/pokemon/voltorb,https://pokemonkg.org/instance/pokemon/magikarp,https://pokemonkg.org/instance/pokemon/dratini,https://pokemonkg.org/instance/pokemon/lapras,https://pokemonkg.org/instance/pokemon/squirtle
141,https://pokemonkg.org/instance/pokemon/kabutops,https://pokemonkg.org/instance/pokemon/kabuto,https://pokemonkg.org/instance/pokemon/omastar,https://pokemonkg.org/instance/pokemon/omanyte,https://pokemonkg.org/instance/pokemon/aerodactyl,https://pokemonkg.org/instance/pokemon/gyarados,https://pokemonkg.org/instance/pokemon/snorlax,https://pokemonkg.org/instance/pokemon/dragonite,https://pokemonkg.org/instance/pokemon/zapdos,https://pokemonkg.org/instance/pokemon/scyther
142,https://pokemonkg.org/instance/pokemon/aerodactyl,https://pokemonkg.org/instance/pokemon/dragonite,https://pokemonkg.org/instance/pokemon/gyarados,https://pokemonkg.org/instance/pokemon/charizard,https://pokemonkg.org/instance/pokemon/omastar,https://pokemonkg.org/instance/pokemon/seadra,https://pokemonkg.org/instance/pokemon/snorlax,https://pokemonkg.org/instance/pokemon/dragonair,https://pokemonkg.org/instance/pokemon/lapras,https://pokemonkg.org/instance/pokemon/mewtwo
143,https://pokemonkg.org/instance/pokemon/snorlax,https://pokemonkg.org/instance/pokemon/jigglypuff,https://pokemonkg.org/instance/pokemon/gyarados,https://pokemonkg.org/instance/pokemon/mewtwo,https://pokemonkg.org/instance/pokemon/charizard,https://pokemonkg.org/instance/pokemon/pikachu,https://pokemonkg.org/instance/pokemon/eevee,https://pokemonkg.org/instance/pokemon/bulbasaur,https://pokemonkg.org/instance/pokemon/dragonite,https://pokemonkg.org/instance/pokemon/squirtle
144,https://pokemonkg.org/instance/pokemon/articuno,https://pokemonkg.org/instance/pokemon/zapdos,https://pokemonkg.org/instance/pokemon/moltres,https://pokemonkg.org/instance/pokemon/lapras,https://pokemonkg.org/instance/pokemon/mewtwo,https://pokemonkg.org/instance/pokemon/jynx,https://pokemonkg.org/instance/pokemon/charizard,https://pokemonkg.org/instance/pokemon/cloyster,https://pokemonkg.org/instance/pokemon/gyarados,https://pokemonkg.org/instance/pokemon/mew
145,https://pokemonkg.org/instance/pokemon/zapdos,https://pokemonkg.org/instance/pokemon/moltres,https://pokemonkg.org/instance/pokemon/articuno,https://pokemonkg.org/instance/pokemon/mewtwo,https://pokemonkg.org/instance/pokemon/kangaskhan,https://pokemonkg.org/instance/pokemon/charizard,https://pokemonkg.org/instance/pokemon/jolteon,https://pokemonkg.org/instance/pokemon/mew,https://pokemonkg.org/instance/pokemon/pikachu,https://pokemonkg.org/instance/pokemon/gyarados
146,https://pokemonkg.org/instance/pokemon/moltres,https://pokemonkg.org/instance/pokemon/zapdos,https://pokemonkg.org/instance/pokemon/articuno,https://pokemonkg.org/instance/pokemon/kangaskhan,https://pokemonkg.org/instance/pokemon/mewtwo,https://pokemonkg.org/instance/pokemon/charizard,https://pokemonkg.org/instance/pokemon/nidoking,https://pokemonkg.org/instance/pokemon/mew,https://pokemonkg.org/instance/pokemon/gyarados,https://pokemonkg.org/instance/pokemon/ponyta
147,https://pokemonkg.org/instance/pokemon/dratini,https://pokemonkg.org/instance/pokemon/dragonair,https://pokemonkg.org/instance/pokemon/dragonite,https://pokemonkg.org/instance/pokemon/scyther,https://pokemonkg.org/instance/pokemon/eevee,https://pokemonkg.org/instance/pokemon/charmander,https://pokemonkg.org/instance/pokemon/gyarados,https://pokemonkg.org/instance/pokemon/lapras,https://pokemonkg.org/instance/pokemon/magikarp,https://pokemonkg.org/instance/pokemon/charizard
148,https://pokemonkg.org/instance/pokemon/dragonair,https://pokemonkg.org/instance/pokemon/dragonite,https://pokemonkg.org/instance/pokemon/dratini,https://pokemonkg.org/instance/pokemon/aerodactyl,https://pokemonkg.org/instance/pokemon/gyarados,https://pokemonkg.org/instance/pokemon/charizard,https://pokemonkg.org/instance/pokemon/lapras,https://pokemonkg.org/instance/pokemon/alakazam,https://pokemonkg.org/instance/pokemon/hitmonchan,https://pokemonkg.org/instance/pokemon/marowak
149,https://pokemonkg.org/instance/pokemon/dragonite,https://pokemonkg.org/instance/pokemon/dragonair,https://pokemonkg.org/instance/pokemon/gyarados,https://pokemonkg.org/instance/pokemon/snorlax,https://pokemonkg.org/instance/pokemon/aerodactyl,https://pokemonkg.org/instance/pokemon/machamp,https://pokemonkg.org/instance/pokemon/charmander,https://pokemonkg.org/instance/pokemon/lapras,https://pokemonkg.org/instance/pokemon/venusaur,https://pokemonkg.org/instance/pokemon/raichu
150,https://pokemonkg.org/instance/pokemon/mewtwo,https://pokemonkg.org/instance/pokemon/mew,https://pokemonkg.org/instance/pokemon/charizard,https://pokemonkg.org/instance/pokemon/pikachu,https://pokemonkg.org/instance/pokemon/snorlax,https://pokemonkg.org/instance/pokemon/gyarados,https://pokemonkg.org/instance/pokemon/raichu,https://pokemonkg.org/instance/pokemon/charmander,https://pokemonkg.org/instance/pokemon/eevee,https://pokemonkg.org/instance/pokemon/ditto
151,https://pokemonkg.org/instance/pokemon/mew,https://pokemonkg.org/instance/pokemon/mewtwo,https://pokemonkg.org/instance/pokemon/pikachu,https://pokemonkg.org/instance/pokemon/ditto,https://pokemonkg.org/instance/pokemon/charizard,https://pokemonkg.org/instance/pokemon/eevee,https://pokemonkg.org/instance/pokemon/snorlax,https://pokemonkg.org/instance/pokemon/charmander,https://pokemonkg.org/instance/pokemon/jigglypuff,https://pokemonkg.org/instance/pokemon/meowth
